passenger_count,trip_distance,pickup_longitude,pickup_latitude,RateCodeID,store_and_fwd_flag,dropoff_longitude,dropoff_latitude,fare_amount,extra,mta_tax,tip_amount,tolls_amount,total_amount,vendor_id,pickup_datetime,dropoff_datetime,rate_code,payment_type,imp_surcharge
1,0.83,-73.98474884,40.72187042,,N,-73.99826813,40.72386932,6.5,1,0.5,0,0,8.3,2,06/01/2015 5:00:00 PM,06/01/2015 5:06:53 PM,1,2,
1,6.25,-74.01445007,40.70372009,,N,-73.96040344,40.76195908,21,1,0.5,0,0,22.8,2,06/01/2015 5:00:00 PM,06/01/2015 5:22:17 PM,1,2,
1,2.2,-73.99088287,40.73465729,,N,-73.98524475,40.75948715,12.5,1,0.5,2,0,16.3,1,06/01/2015 5:00:00 PM,06/01/2015 5:17:38 PM,1,1,
1,1.4,-73.96694946,40.76991653,,N,-73.98007965,40.75447083,8.5,1,0.5,2.05,0,12.35,1,06/01/2015 5:00:00 PM,06/01/2015 5:11:07 PM,1,1,
1,0.82,-73.97571564,40.75164032,,N,-73.98731995,40.75326157,8.5,1,0.5,2.58,0,12.88,2,06/01/2015 5:00:01 PM,06/01/2015 5:11:32 PM,1,1,
2,0.88,-73.95343781,40.77973175,,N,-73.94667816,40.77257156,6,1,0.5,1.56,0,9.36,2,06/01/2015 5:00:01 PM,06/01/2015 5:06:11 PM,1,1,
1,1.69,-73.96485138,40.80686188,,N,-73.98069,40.78834915,9.5,1,0.5,2.82,0,14.12,2,06/01/2015 5:00:01 PM,06/01/2015 5:11:19 PM,1,1,
1,2.86,-73.99091339,40.73801041,,N,-73.97348785,40.7569046,29.5,1,0.5,5,0,36.3,2,06/01/2015 5:00:02 PM,06/01/2015 5:52:23 PM,1,1,
1,12.05,-73.8730011,40.77407837,,N,-73.7822876,40.64878464,37,1,0.5,0,0,38.8,2,06/01/2015 5:00:02 PM,06/01/2015 5:40:04 PM,1,2,
2,0.9,-73.97428131,40.7512207,,N,-73.96114349,40.75762177,12.5,1,0.5,0,0,14.3,2,06/01/2015 5:00:02 PM,06/01/2015 5:19:53 PM,1,2,
1,9.7,-73.87439728,40.77402115,,N,-73.98103333,40.78845215,32,1,0.5,0,5.54,39.34,1,06/01/2015 5:00:02 PM,06/01/2015 5:32:00 PM,1,2,
1,4.54,-73.98444366,40.7797699,,N,-73.94286346,40.82712936,17.5,1,0.5,2,0,21.3,2,06/01/2015 5:00:02 PM,06/01/2015 5:19:48 PM,1,1,
1,1.4,-73.9955368,40.73316956,,N,-74.00510406,40.74655533,7,1,0.5,2.2,0,11,1,06/01/2015 5:00:03 PM,06/01/2015 5:07:16 PM,1,1,
6,1.03,-73.96858215,40.77024078,,N,-73.97808838,40.75774384,7,1,0.5,1,0,9.8,2,06/01/2015 5:00:03 PM,06/01/2015 5:08:28 PM,1,1,
6,2.55,-73.98209381,40.76323318,,N,-73.98962402,40.73427582,11,1,0.5,2.56,0,15.36,2,06/01/2015 5:00:03 PM,06/01/2015 5:13:38 PM,1,1,
1,2.1,-73.98113251,40.78162766,,N,-73.96855164,40.76173019,11,1,0.5,4,0,16.8,1,06/01/2015 5:00:03 PM,06/01/2015 5:14:20 PM,1,1,
1,2.37,-74.00545502,40.73810577,,N,-73.97792816,40.75227356,16,1,0.5,1,0,18.8,2,06/01/2015 5:00:03 PM,06/01/2015 5:23:48 PM,1,1,
1,1.16,-73.96256256,40.77656937,,N,-73.95029449,40.78731155,6.5,1,0.5,1.66,0,9.96,2,06/01/2015 5:00:03 PM,06/01/2015 5:06:39 PM,1,1,
5,2.33,-73.99615479,40.73727798,,N,-73.96734619,40.75259018,29,1,0.5,6.16,0,36.96,2,06/01/2015 5:00:03 PM,06/01/2015 5:51:19 PM,1,1,
1,1,-73.99513245,40.74979782,,N,-73.98210144,40.75091934,11.5,1,0.5,0,0,13.3,1,06/01/2015 5:00:03 PM,06/01/2015 5:17:52 PM,1,2,
1,0.5,-73.98979187,40.75662613,,N,-73.99828339,40.76070023,4.5,1,0.5,0,0,6.3,1,06/01/2015 5:00:03 PM,06/01/2015 5:03:35 PM,1,2,
1,2.5,-73.98999786,40.75182724,,N,-73.98119354,40.78279495,12.5,1,0.5,2.85,0,17.15,1,06/01/2015 5:00:04 PM,06/01/2015 5:16:30 PM,1,1,
1,1,-73.97917938,40.75017929,,N,-73.98487854,40.75932693,9,1,0.5,2.7,0,13.5,1,06/01/2015 5:00:04 PM,06/01/2015 5:12:54 PM,1,1,
1,0.7,-73.97510529,40.75114441,,N,-73.97583008,40.75115967,3,1,0.5,0,0,4.8,1,06/01/2015 5:00:05 PM,06/01/2015 5:01:14 PM,1,2,
1,1.06,-73.95477295,40.7863884,,N,-73.96836853,40.7924118,7,1,0.5,1.76,0,10.56,2,06/01/2015 5:00:05 PM,06/01/2015 5:07:51 PM,1,1,
1,0.8,0,0,,N,0,0,6,1,0.5,1.55,0,9.35,1,06/01/2015 5:00:05 PM,06/01/2015 5:06:40 PM,1,1,
1,2.09,-73.96126556,40.78020477,,N,-73.95941925,40.78294373,13.5,1,0.5,3.82,0,19.12,2,06/01/2015 5:00:05 PM,06/01/2015 5:20:36 PM,1,1,
1,1.8,-73.9894104,40.73971176,,N,-73.97935486,40.76149368,11.5,1,0.5,3.3,0,16.6,1,06/01/2015 5:00:05 PM,06/01/2015 5:16:35 PM,1,1,
1,1.52,-73.95745087,40.78010178,,N,-73.96943665,40.76121902,9.5,1,0.5,0,0,11.3,2,06/01/2015 5:00:05 PM,06/01/2015 5:11:26 PM,1,2,
1,2.76,-73.98098755,40.74692535,,N,-73.95519257,40.77716446,14.5,1,0.5,1,0,17.3,2,06/01/2015 5:00:06 PM,06/01/2015 5:20:02 PM,1,1,
1,3.2,-73.99517822,40.7549057,,N,-73.98589325,40.71940231,14.5,1,0.5,0,0,16.3,1,06/01/2015 5:00:06 PM,06/01/2015 5:18:26 PM,1,2,
2,0.41,-74.00826263,40.74531937,,N,-74.00557709,40.74105835,5,1,0.5,1.5,0,8.3,2,06/01/2015 5:00:06 PM,06/01/2015 5:05:19 PM,1,1,
5,3.61,-73.97689819,40.78012085,,N,-73.97884369,40.74065018,17.5,1,0.5,5.79,0,25.09,2,06/01/2015 5:00:06 PM,06/01/2015 5:24:23 PM,1,1,
5,0,-73.98771667,40.75558853,,N,-73.98777008,40.7555809,2.5,1,0.5,0,0,4.3,2,06/01/2015 5:00:06 PM,06/01/2015 5:00:24 PM,1,2,
2,8.48,-73.98215485,40.77481842,,N,-74.01083374,40.6720047,30.5,1,0.5,7.57,5.54,45.41,2,06/01/2015 5:00:07 PM,06/01/2015 5:37:41 PM,1,1,
2,0.51,-73.95201874,40.77772903,,N,-73.95085144,40.77249146,4,1,0.5,0.5,0,6.3,2,06/01/2015 5:00:07 PM,06/01/2015 5:02:20 PM,1,1,
2,3.64,-73.9763031,40.73978806,,N,-73.95030212,40.78401566,16.5,1,0.5,2,0,20.3,2,06/01/2015 5:00:07 PM,06/01/2015 5:22:44 PM,1,1,
2,1.55,-73.98880768,40.74840927,,N,-73.96945953,40.75505066,10.5,1,0.5,2,0,14.3,2,06/01/2015 5:00:07 PM,06/01/2015 5:15:00 PM,1,1,
2,2.02,-73.99810791,40.73549271,,N,-74.00978088,40.71480179,8.5,1,0.5,1,0,11.3,2,06/01/2015 5:00:08 PM,06/01/2015 5:08:15 PM,1,1,
1,3.2,-74.0140152,40.71216965,,N,-73.99538422,40.74960327,13,1,0.5,0,0,14.8,1,06/01/2015 5:00:08 PM,06/01/2015 5:14:41 PM,1,2,
2,1.1,-73.97829437,40.77817154,,N,-73.97989655,40.78899002,6,1,0.5,0,0,7.8,1,06/01/2015 5:00:08 PM,06/01/2015 5:05:07 PM,1,2,
1,1.38,-73.99904633,40.73958588,,N,-73.9972229,40.72478867,7.5,1,0.5,1.86,0,11.16,2,06/01/2015 5:00:08 PM,06/01/2015 5:08:26 PM,1,1,
1,1.7,-73.98709869,40.72461319,,Y,-73.97747803,40.74460602,8,1,0.5,1,0,10.8,1,06/01/2015 5:00:08 PM,06/01/2015 5:09:09 PM,1,1,
1,1.4,0,0,,N,0,0,8,1,0.5,0,0,9.8,1,06/01/2015 5:00:08 PM,06/01/2015 5:08:58 PM,1,2,
1,0.4,-73.97930908,40.77680206,,N,-73.97731018,40.77251434,4,1,0.5,0,0,5.8,1,06/01/2015 5:00:09 PM,06/01/2015 5:03:36 PM,1,2,
2,18.3,-73.79029083,40.6438942,,N,-73.97814178,40.76485062,52,0,0.5,0,5.54,58.34,1,06/01/2015 5:00:09 PM,06/01/2015 5:52:03 PM,2,2,
1,0.58,-73.9810257,40.77014923,,N,-73.98034668,40.76453781,4.5,1,0.5,0,0,6.3,2,06/01/2015 5:00:09 PM,06/01/2015 5:03:29 PM,1,1,
1,0.7,-73.9753418,40.75224686,,N,-73.97754669,40.74378586,6,1,0.5,1.55,0,9.35,1,06/01/2015 5:00:09 PM,06/01/2015 5:06:37 PM,1,1,
1,0.3,-73.97193146,40.75702667,,N,-73.97524261,40.75270462,4,1,0.5,0,0,5.8,1,06/01/2015 5:00:09 PM,06/01/2015 5:02:57 PM,1,2,
1,2.15,-74.00314331,40.7492981,,N,-73.98280334,40.77576065,8.5,1,0.5,2.58,0,12.88,2,06/01/2015 5:00:10 PM,06/01/2015 5:07:54 PM,1,1,
1,6.84,-73.98242188,40.74603653,,N,-73.97132111,40.69031525,31.5,1,0.5,0,0,33.3,2,06/01/2015 5:00:10 PM,06/01/2015 5:42:55 PM,1,2,
1,6.5,-73.78359222,40.64867401,,N,-73.82062531,40.71427155,20,1,0.5,0,0,21.8,1,06/01/2015 5:00:10 PM,06/01/2015 5:16:18 PM,1,2,
1,9.6,-73.86351776,40.76979828,,N,-73.99079895,40.7486763,37.5,1,0.5,9,5.54,53.84,1,06/01/2015 5:00:11 PM,06/01/2015 5:48:42 PM,1,1,
6,1.41,-73.97582245,40.76562881,,N,-73.98214722,40.77534103,9.5,1,0.5,2.26,0,13.56,2,06/01/2015 5:00:11 PM,06/01/2015 5:12:46 PM,1,1,
5,8.22,-73.86273193,40.7690239,,N,-73.95728302,40.81677246,28.5,1,0.5,5,5.54,40.84,2,06/01/2015 5:00:11 PM,06/01/2015 5:28:57 PM,1,1,
1,2.6,-73.98225403,40.76840591,,N,-73.96606445,40.80066299,11,1,0.5,1.5,0,14.3,1,06/01/2015 5:00:12 PM,06/01/2015 5:12:38 PM,1,1,
5,2.6,-73.98223877,40.77153015,,N,-74.00636292,40.74470901,10,1,0.5,0,0,11.8,2,06/01/2015 5:00:12 PM,06/01/2015 5:09:23 PM,1,2,
1,4.2,-73.97698212,40.77991104,,N,-73.98739624,40.73011398,18.5,1,0.5,2.5,0,22.8,1,06/01/2015 5:00:12 PM,06/01/2015 5:25:31 PM,1,1,
1,7.3,-73.87281036,40.77416992,,N,-73.8072052,40.69894028,27,1,0.5,0,0,28.8,1,06/01/2015 5:00:12 PM,06/01/2015 5:38:05 PM,1,2,
1,3.18,-73.97483063,40.74184036,,N,-73.98217773,40.77392197,17.5,1,0.5,3.86,0,23.16,2,06/01/2015 5:00:13 PM,06/01/2015 5:26:56 PM,1,1,
1,0.6,-73.9992981,40.73369598,,N,-74.00382996,40.73918533,5,1,0.5,1.35,0,8.15,1,06/01/2015 5:00:13 PM,06/01/2015 5:05:25 PM,1,1,
1,23.39,-73.96692657,40.7986908,,N,-73.78582001,40.65149689,52,0,0.5,0,5.54,58.34,2,06/01/2015 5:00:13 PM,06/01/2015 6:16:17 PM,2,2,
1,2,-73.98130798,40.77383041,,N,-74.00283813,40.76051712,11,1,0.5,2.55,0,15.35,1,06/01/2015 5:00:13 PM,06/01/2015 5:13:59 PM,1,1,
1,3.53,-74.00747681,40.7430687,,N,-73.96417236,40.75688171,25.5,1,0.5,5.46,0,32.76,2,06/01/2015 5:00:13 PM,06/01/2015 5:42:35 PM,1,1,
1,0.65,-73.99967194,40.74372101,,N,-73.9938736,40.75166702,6.5,1,0.5,2.08,0,10.38,2,06/01/2015 5:00:13 PM,06/01/2015 5:07:47 PM,1,1,
1,2.8,-73.9846344,40.76916885,,N,-73.96413422,40.80322266,11.5,1,0.5,0,0,13.3,1,06/01/2015 5:00:14 PM,06/01/2015 5:13:22 PM,1,1,
2,1.91,-73.98986053,40.75073242,,N,-74.00748444,40.74087143,10,1,0.5,2.36,0,14.16,2,06/01/2015 5:00:14 PM,06/01/2015 5:12:37 PM,1,1,
1,1.6,-73.98207855,40.76608658,,N,-74.00244141,40.7608223,9.5,1,0.5,2.25,0,13.55,1,06/01/2015 5:00:15 PM,06/01/2015 5:11:35 PM,1,1,
2,18,-73.79031372,40.64687347,,N,-73.97859192,40.76164627,52,0,0.5,0,5.54,58.34,1,06/01/2015 5:00:15 PM,06/01/2015 6:23:44 PM,2,2,
2,1.1,-73.95770264,40.77928925,,N,-73.96535492,40.7906723,6.5,1,0.5,0,0,8.3,1,06/01/2015 5:00:15 PM,06/01/2015 5:05:48 PM,1,2,
1,17.77,-73.78977203,40.64707565,,N,-73.97991943,40.7623024,52,0,0.5,0,5.54,58.34,2,06/01/2015 5:00:15 PM,06/01/2015 6:09:19 PM,2,1,
2,9.29,-73.86321259,40.76991653,,N,-73.96801758,40.79399109,31.5,1,0.5,7.5,5.54,46.34,2,06/01/2015 5:00:15 PM,06/01/2015 5:32:04 PM,1,1,
1,1.4,-73.95227051,40.78116226,,N,-73.94069672,40.79914093,6,1,0.5,1.95,0,9.75,1,06/01/2015 5:00:16 PM,06/01/2015 5:04:23 PM,1,1,
2,0.85,-73.95381927,40.7870369,,N,-73.95100403,40.77897263,5,1,0.5,1,0,7.8,2,06/01/2015 5:00:16 PM,06/01/2015 5:04:33 PM,1,1,
3,0.42,-73.98442841,40.77484131,,N,-73.98156738,40.78011703,8.5,1,0.5,3.09,0,13.39,2,06/01/2015 5:00:16 PM,06/01/2015 5:12:10 PM,1,1,
1,1.6,0,0,,N,0,0,9,1,0.5,1,0,11.8,1,06/01/2015 5:00:16 PM,06/01/2015 5:10:55 PM,1,1,
1,0.5,-73.98560333,40.73560333,,N,-73.98075104,40.74223328,6,1,0.5,2,0,9.8,1,06/01/2015 5:00:16 PM,06/01/2015 5:07:16 PM,1,1,
1,12.1,-73.78352356,40.64867401,,N,-73.96696472,40.68384933,40.5,1,0.5,3.7,0,46,1,06/01/2015 5:00:16 PM,06/01/2015 5:41:45 PM,1,1,
1,5.4,-73.97760773,40.76361084,,N,-73.96361542,40.71695709,23.5,1,0.5,5.06,0,30.36,1,06/01/2015 5:00:17 PM,06/01/2015 5:33:34 PM,1,1,
1,2.4,-73.95771027,40.76544952,,N,-73.93559265,40.79593658,8.5,1,0.5,1,0,11.3,1,06/01/2015 5:00:17 PM,06/01/2015 5:07:31 PM,1,1,
3,12.66,-73.7824707,40.64453888,,N,-73.64131165,40.70978165,56.5,1,0.5,11.66,0,69.96,2,06/01/2015 5:00:17 PM,06/01/2015 5:36:54 PM,4,1,
1,0.8,-73.96873474,40.75443649,,N,-73.97084045,40.74518967,5.5,1,0.5,0,0,7.3,1,06/01/2015 5:00:18 PM,06/01/2015 5:04:46 PM,1,2,
1,1.6,-73.97457123,40.75654221,,N,-73.98072815,40.73817444,9,1,0.5,2.15,0,12.95,1,06/01/2015 5:00:18 PM,06/01/2015 5:11:42 PM,1,1,
1,0.5,-73.99525452,40.71747971,,N,-73.99255371,40.72383881,4,1,0.5,1,0,6.8,1,06/01/2015 5:00:18 PM,06/01/2015 5:02:42 PM,1,1,
1,1.8,-73.99172974,40.74991989,,N,-73.97873688,40.766716,12,1,0.5,2.5,0,16.3,1,06/01/2015 5:00:18 PM,06/01/2015 5:16:50 PM,1,1,
1,3.53,-73.96195221,40.76286697,,N,-74.00343323,40.74412537,16.5,1,0.5,3.66,0,21.96,2,06/01/2015 5:00:18 PM,06/01/2015 5:23:34 PM,1,1,
1,3.4,-74.01485443,40.71452713,,N,-73.99201965,40.74097443,15,1,0.5,3.35,0,20.15,1,06/01/2015 5:00:18 PM,06/01/2015 5:18:28 PM,1,1,
1,1.8,-73.99024963,40.75618362,,N,-73.96560669,40.75953674,11,1,0.5,3.8,0,16.6,1,06/01/2015 5:00:18 PM,06/01/2015 5:14:44 PM,1,1,
2,2.76,-73.97818756,40.75246811,,N,-73.99942017,40.73680878,13.5,1,0.5,3.06,0,18.36,2,06/01/2015 5:00:18 PM,06/01/2015 5:18:31 PM,1,1,
3,0.76,-73.9553833,40.7795639,,N,-73.95598602,40.7871933,5,1,0.5,1,0,7.8,2,06/01/2015 5:00:19 PM,06/01/2015 5:04:48 PM,1,1,
1,0.9,-73.96744537,40.75671005,,N,-73.9813385,40.76077271,9,1,0.5,2.15,0,12.95,1,06/01/2015 5:00:19 PM,06/01/2015 5:13:00 PM,1,1,
1,5.3,-73.96879578,40.75479507,,N,-74.00261688,40.71887207,21.5,1,0.5,1,0,24.3,1,06/01/2015 5:00:19 PM,06/01/2015 5:26:27 PM,1,1,
2,1.2,-73.9546051,40.77905273,,N,-73.97103119,40.78862762,7.5,1,0.5,1.85,0,11.15,1,06/01/2015 5:00:19 PM,06/01/2015 5:07:47 PM,1,1,
1,3.4,-73.96844482,40.79639816,,N,-73.92539215,40.81032181,18,1,0.5,5,0,24.8,1,06/01/2015 5:00:20 PM,06/01/2015 5:25:04 PM,1,1,
1,4.1,-73.98815918,40.74925995,,N,-74.01438904,40.71400833,16.5,1,0.5,3.66,0,21.96,2,06/01/2015 5:00:20 PM,06/01/2015 5:20:52 PM,1,1,
1,3,-74.00254059,40.74979782,,N,-73.97481537,40.78856277,14.5,1,0.5,0,0,16.3,1,06/01/2015 5:00:20 PM,06/01/2015 5:19:01 PM,1,2,
1,1.2,-73.97891998,40.76673508,,N,-73.96239471,40.77061844,8.5,1,0.5,2.06,0,12.36,1,06/01/2015 5:00:20 PM,06/01/2015 5:11:28 PM,1,1,
2,1.74,-73.94882965,40.79590988,,N,-73.97081757,40.78847122,8.5,1,0.5,0,0,10.3,2,06/01/2015 5:00:20 PM,06/01/2015 5:10:00 PM,1,2,
2,11,-73.97389984,40.75751114,,N,-73.86557007,40.77091217,33.5,1,0.5,10.2,5.54,51.04,1,06/01/2015 5:00:20 PM,06/01/2015 5:34:52 PM,1,1,
5,8.21,-73.87478638,40.77397156,,N,-73.98258972,40.74681854,28,1,0.5,7.07,5.54,42.41,2,06/01/2015 5:00:20 PM,06/01/2015 5:30:21 PM,1,1,
1,1.69,-73.98950195,40.73607254,,N,-73.97602081,40.75640106,13.5,1,0.5,3.06,0,18.36,2,06/01/2015 5:00:21 PM,06/01/2015 5:21:54 PM,1,1,
1,6.36,-74.01081085,40.70925522,,N,-73.97396851,40.7644043,33,1,0.5,0,0,34.8,2,06/01/2015 5:00:21 PM,06/01/2015 5:46:31 PM,1,2,
1,4.7,-74.00256348,40.74238205,,N,-73.97157288,40.79448318,16,1,0.5,3,0,20.8,1,06/01/2015 5:00:22 PM,06/01/2015 5:15:16 PM,1,1,
1,1.94,-73.97175598,40.7562561,,N,-73.95358276,40.7795639,12.5,1,0.5,0,0,14.3,2,06/01/2015 5:00:22 PM,06/01/2015 5:17:34 PM,1,2,
1,0.8,-73.98532867,40.74153519,,N,-73.98620605,40.73293304,5.5,1,0.5,1.1,0,8.4,1,06/01/2015 5:00:22 PM,06/01/2015 5:06:00 PM,1,1,
1,1,-73.97820282,40.73730469,,N,-73.97247314,40.74978638,8,1,0.5,0,0,9.8,1,06/01/2015 5:00:22 PM,06/01/2015 5:11:53 PM,1,2,
2,1.2,-74.00193787,40.72160339,,N,-74.00229645,40.7091217,6.5,1,0.5,1.65,0,9.95,1,06/01/2015 5:00:22 PM,06/01/2015 5:06:19 PM,1,1,
1,3.3,-73.87076569,40.77371597,,N,-73.91819763,40.76269913,14,1,0.5,3.15,0,18.95,1,06/01/2015 5:00:22 PM,06/01/2015 5:16:20 PM,1,1,
1,0.5,-73.95176697,40.76947784,,Y,-73.95916748,40.76922226,4,1,0.5,1,0,6.8,1,06/01/2015 5:00:23 PM,06/01/2015 5:03:31 PM,1,1,
4,0.5,-73.97587585,40.78908157,,N,-73.97770691,40.78294373,4.5,1,0.5,0,0,6.3,1,06/01/2015 5:00:23 PM,06/01/2015 5:03:20 PM,1,2,
1,2.6,-73.97022247,40.76396561,,N,-73.94947052,40.79623795,10.5,1,0.5,1,0,13.3,1,06/01/2015 5:00:23 PM,06/01/2015 5:12:22 PM,1,1,
2,1.4,-73.98152924,40.7786026,,N,-73.96621704,40.79070282,6.5,1,0.5,0,0,8.3,1,06/01/2015 5:00:23 PM,06/01/2015 5:05:56 PM,1,2,
6,2.49,-73.9763031,40.78836441,,N,-73.94631958,40.77892303,11,1,0.5,3.2,0,16,2,06/01/2015 5:00:23 PM,06/01/2015 5:12:40 PM,1,1,
2,2.5,-73.9815979,40.76718521,,N,-73.95704651,40.78313065,10.5,1,0.5,2,0,14.3,1,06/01/2015 5:00:24 PM,06/01/2015 5:11:31 PM,1,1,
1,1.6,-74.00524902,40.72722626,,N,-74.01701355,40.71157837,9,1,0.5,1,0,11.8,1,06/01/2015 5:00:24 PM,06/01/2015 5:12:00 PM,1,1,
3,19.3,-73.7824707,40.64455795,,N,-73.96088409,40.79834366,52,0,0.5,0,5.54,58.34,2,06/01/2015 5:00:24 PM,06/01/2015 5:48:46 PM,2,2,
1,1.84,-73.98132324,40.74870682,,N,-73.96207428,40.7637825,10.5,1,0.5,0,0,12.3,2,06/01/2015 5:00:24 PM,06/01/2015 5:14:53 PM,1,2,
1,1.33,-73.95659637,40.766922,,N,-73.96009827,40.7806015,7.5,1,0.5,1,0,10.3,2,06/01/2015 5:00:24 PM,06/01/2015 5:09:49 PM,1,1,
1,0.2,-73.97551727,40.75795364,,N,-73.97241211,40.75659943,3.5,1,0.5,1.32,0,6.62,1,06/01/2015 5:00:24 PM,06/01/2015 5:02:30 PM,1,1,
6,16.42,-73.87108612,40.77380753,,N,-74.00769806,40.7154541,48,1,0.5,4,5.54,59.34,2,06/01/2015 5:00:24 PM,06/01/2015 5:47:58 PM,1,1,
1,1.93,-73.96398163,40.77453613,,N,-73.98300171,40.77179337,10.5,1,0.5,2.46,0,14.76,2,06/01/2015 5:00:25 PM,06/01/2015 5:13:30 PM,1,1,
1,0.6,-73.96200562,40.7637825,,N,-73.96321106,40.75751877,6,1,0.5,0,0,7.8,1,06/01/2015 5:00:25 PM,06/01/2015 5:07:24 PM,1,2,
1,2.3,-73.96663666,40.75756454,,N,-73.99326324,40.74002838,11.5,1,0.5,0,0,13.3,1,06/01/2015 5:00:25 PM,06/01/2015 5:14:55 PM,1,2,
1,1.5,-74.00193787,40.74510574,,N,-73.99680328,40.72711182,8.5,1,0.5,2.06,0,12.36,2,06/01/2015 5:00:25 PM,06/01/2015 5:10:45 PM,1,1,
1,2.6,-73.99191284,40.73840332,,N,-73.97145081,40.7637558,14,1,0.5,0,0,15.8,1,06/01/2015 5:00:25 PM,06/01/2015 5:21:04 PM,1,2,
1,2.59,-73.95696259,40.77776337,,N,-73.9801712,40.74576569,15.5,1,0.5,5.19,0,22.49,2,06/01/2015 5:00:26 PM,06/01/2015 5:23:48 PM,1,1,
1,2.25,-73.97766113,40.75526047,,N,-73.96019745,40.77032089,12,1,0.5,0,0,13.8,2,06/01/2015 5:00:26 PM,06/01/2015 5:16:54 PM,1,2,
5,1.72,-73.96617126,40.8050499,,N,-73.98038483,40.78339386,8.5,1,0.5,2.06,0,12.36,2,06/01/2015 5:00:26 PM,06/01/2015 5:08:23 PM,1,1,
5,3.78,-73.9864502,40.74369049,,N,-73.96694946,40.78831863,18.5,1,0.5,6.09,0,26.39,2,06/01/2015 5:00:26 PM,06/01/2015 5:27:59 PM,1,1,
1,2,-73.98984528,40.72941589,,N,-73.99485779,40.75036621,13.5,1,0.5,3.05,0,18.35,1,06/01/2015 5:00:26 PM,06/01/2015 5:19:21 PM,1,1,
1,2.08,-73.98098755,40.76027679,,N,-73.95614624,40.7729454,10.5,1,0.5,0,0,12.3,2,06/01/2015 5:00:27 PM,06/01/2015 5:13:57 PM,1,2,
1,0.97,-73.97224426,40.75684738,,N,-73.98610687,40.75803375,11.5,1,0.5,0,0,13.3,2,06/01/2015 5:00:27 PM,06/01/2015 5:18:04 PM,1,2,
1,0.7,-73.9801712,40.76073837,,N,-73.97707367,40.75469589,6.5,1,0.5,0,0,8.3,1,06/01/2015 5:00:27 PM,06/01/2015 5:08:16 PM,1,2,
2,0.5,-73.95103455,40.77065659,,N,-73.95940399,40.77354813,4.5,1,0.5,0,0,6.3,1,06/01/2015 5:00:27 PM,06/01/2015 5:05:03 PM,1,2,
1,10.51,-73.87088013,40.77373886,,N,-73.99269867,40.68886566,39,1,0.5,8.16,0,48.96,2,06/01/2015 5:00:27 PM,06/01/2015 5:56:46 PM,1,1,
3,2.62,-73.99104309,40.75559616,,N,-73.9595108,40.77107239,18,1,0.5,0,0,19.8,2,06/01/2015 5:00:27 PM,06/01/2015 5:28:57 PM,1,2,
1,0.66,-73.98188019,40.72827148,,N,-73.97964478,40.73527908,4,1,0.5,0,0,5.8,2,06/01/2015 5:00:27 PM,06/01/2015 5:02:38 PM,1,2,
1,1.7,-73.9577179,40.76865005,,N,-73.95599365,40.78464508,8,1,0.5,0,0,9.8,1,06/01/2015 5:00:27 PM,06/01/2015 5:08:31 PM,1,2,
2,1.16,-73.95583344,40.77238846,,N,-73.96768951,40.76039124,9,1,0.5,2.16,0,12.96,2,06/01/2015 5:00:28 PM,06/01/2015 5:11:47 PM,1,1,
1,1.8,-73.9846344,40.76457214,,N,-73.9629364,40.775383,9.5,1,0.5,1,0,12.3,1,06/01/2015 5:00:28 PM,06/01/2015 5:11:24 PM,1,1,
1,3.1,-73.86270905,40.76881409,,N,-73.88063812,40.75221634,14,1,0.5,0,0,15.8,1,06/01/2015 5:00:28 PM,06/01/2015 5:17:56 PM,1,2,
4,10.73,-73.87440491,40.77401733,,N,-73.98069,40.76400757,35,1,0.5,8.47,5.54,50.81,2,06/01/2015 5:00:28 PM,06/01/2015 5:37:45 PM,1,1,
1,11.34,-73.78188324,40.64477158,,N,-73.93942261,40.66476059,37.5,1,0.5,0,0,39.3,2,06/01/2015 5:00:28 PM,06/01/2015 5:39:22 PM,1,2,
1,2,-73.99501038,40.72623062,,N,-74.01355743,40.71749878,10,1,0.5,0,0,11.8,2,06/01/2015 5:00:28 PM,06/01/2015 5:11:39 PM,1,2,
1,1.49,-73.99129486,40.77473831,,N,-73.97846222,40.76266479,7.5,1,0.5,1.86,0,11.16,2,06/01/2015 5:00:29 PM,06/01/2015 5:09:41 PM,1,1,
1,0.68,-73.95385742,40.766819,,N,-73.96312714,40.76575851,5.5,1,0.5,0.75,0,8.05,2,06/01/2015 5:00:30 PM,06/01/2015 5:05:49 PM,1,1,
2,1.01,-73.98230743,40.77569962,,N,-73.97762299,40.78889847,6,1,0.5,0,0,7.8,2,06/01/2015 5:00:30 PM,06/01/2015 5:05:40 PM,1,2,
1,2.3,-73.98087311,40.76233673,,N,-73.95614624,40.78458405,11,1,0.5,0,0,12.8,1,06/01/2015 5:00:30 PM,06/01/2015 5:14:25 PM,1,2,
1,0.6,-73.98235321,40.76831436,,N,-73.98829651,40.76569366,4.5,1,0.5,0.65,0,6.95,1,06/01/2015 5:00:31 PM,06/01/2015 5:04:45 PM,1,1,
1,0.78,-73.99956512,40.7195282,,N,-74.00960541,40.71639252,6,1,0.5,0,0,7.8,2,06/01/2015 5:00:31 PM,06/01/2015 5:07:15 PM,1,1,
1,1.1,-73.98039246,40.76319504,,N,-73.96632385,40.76477814,7.5,1,0.5,1.85,0,11.15,1,06/01/2015 5:00:31 PM,06/01/2015 5:09:19 PM,1,1,
1,2.61,-73.94546509,40.78213501,,N,-73.92592621,40.81263351,11.5,1,0.5,0,0,13.3,2,06/01/2015 5:00:31 PM,06/01/2015 5:13:21 PM,1,2,
1,1.6,-73.99181366,40.7386055,,N,-73.98382568,40.75474548,11,1,0.5,0,0,12.8,1,06/01/2015 5:00:31 PM,06/01/2015 5:15:48 PM,1,1,
1,2,-73.95579529,40.77977371,,N,-73.93383789,40.79418564,8.5,1,0.5,0,0,10.3,1,06/01/2015 5:00:31 PM,06/01/2015 5:09:22 PM,1,2,
1,0.8,-73.97708893,40.76434326,,N,-73.96370697,40.75782394,6.5,1,0.5,0,0,8.3,1,06/01/2015 5:00:31 PM,06/01/2015 5:07:35 PM,1,2,
1,0.6,-73.96649933,40.76974106,,N,-73.96613312,40.76509476,6.5,1,0.5,1.65,0,9.95,1,06/01/2015 5:00:31 PM,06/01/2015 5:08:45 PM,1,1,
1,0.62,-73.94449615,40.77988052,,N,-73.95212555,40.78138351,5,1,0.5,0,0,6.8,2,06/01/2015 5:00:32 PM,06/01/2015 5:05:23 PM,1,2,
2,2.6,-73.96108246,40.76511383,,N,-73.98078156,40.78946686,12.5,1,0.5,0,0,14.3,1,06/01/2015 5:00:32 PM,06/01/2015 5:16:17 PM,1,2,
1,0.8,-73.95498657,40.78027725,,N,-73.95930481,40.77167511,5.5,1,0.5,1.45,0,8.75,1,06/01/2015 5:00:32 PM,06/01/2015 5:05:01 PM,1,1,
1,0,-73.78327942,40.64895248,,N,-73.78327942,40.64895248,52,0,0.5,0,5.54,58.34,2,06/01/2015 5:00:32 PM,06/01/2015 5:01:47 PM,2,1,
1,1.37,-73.96271515,40.80973053,,N,-73.96408844,40.79470825,7,1,0.5,0,0,8.8,2,06/01/2015 5:00:32 PM,06/01/2015 5:06:51 PM,1,2,
6,2.73,-73.98222351,40.7317009,,N,-74.00222015,40.75566864,13,1,0.5,2.96,0,17.76,2,06/01/2015 5:00:33 PM,06/01/2015 5:16:51 PM,1,1,
2,0.8,-74.00562286,40.72545242,,N,-73.99737549,40.71941757,7,1,0.5,0,0,8.8,1,06/01/2015 5:00:33 PM,06/01/2015 5:09:24 PM,1,2,
1,11.1,-73.87446594,40.77399826,,N,-73.99108124,40.7658577,38,1,0.5,4,5.54,49.34,1,06/01/2015 5:00:33 PM,06/01/2015 5:42:51 PM,1,1,
1,0.6,-73.97685242,40.75221252,,N,-73.97454071,40.75907135,6.5,1,0.5,1.65,0,9.95,1,06/01/2015 5:00:33 PM,06/01/2015 5:08:33 PM,1,1,
1,1.05,-73.9757843,40.76585388,,N,-73.9708786,40.75570679,7,1,0.5,1,0,9.8,2,06/01/2015 5:00:33 PM,06/01/2015 5:08:43 PM,1,1,
1,10.6,-73.97891235,40.76222992,,N,-73.86560822,40.7709465,33,1,0.5,0,5.54,40.34,1,06/01/2015 5:00:33 PM,06/01/2015 5:36:50 PM,1,2,
1,0.46,-73.99224854,40.76903915,,N,-73.98671722,40.77177811,4.5,1,0.5,0,0,6.3,2,06/01/2015 5:00:33 PM,06/01/2015 5:04:26 PM,1,2,
1,9.18,-73.87448883,40.77412033,,N,-73.97894287,40.76163101,32.5,1,0.5,7,5.54,46.84,2,06/01/2015 5:00:33 PM,06/01/2015 5:37:48 PM,1,1,
1,2.2,-73.95921326,40.77755737,,N,-73.97938538,40.74968719,11.5,1,0.5,2.65,0,15.95,1,06/01/2015 5:00:33 PM,06/01/2015 5:15:48 PM,1,1,
2,2.7,-73.96568298,40.7686882,,N,-73.98048401,40.73697281,14.5,1,0.5,3.25,0,19.55,1,06/01/2015 5:00:34 PM,06/01/2015 5:22:00 PM,1,1,
1,2,-73.96102142,40.77800369,,N,-73.97547913,40.75295258,15,1,0.5,3.36,0,20.16,1,06/01/2015 5:00:34 PM,06/01/2015 5:23:31 PM,1,1,
1,2,-73.95688629,40.78360748,,N,-73.97969818,40.77617264,10,1,0.5,1,0,12.8,1,06/01/2015 5:00:34 PM,06/01/2015 5:12:18 PM,1,1,
1,1.5,-73.97377777,40.74777985,,N,-73.99117279,40.73913574,8.5,1,0.5,0,0,10.3,1,06/01/2015 5:00:34 PM,06/01/2015 5:10:31 PM,1,2,
6,3.05,-74.00331879,40.7229538,,N,-73.97953033,40.75797653,14.5,1,0.5,0,0,16.3,2,06/01/2015 5:00:35 PM,06/01/2015 5:21:14 PM,1,2,
1,0.5,-73.96492767,40.77235794,,N,-73.95756531,40.76993561,4.5,1,0.5,0,0,6.3,1,06/01/2015 5:00:35 PM,06/01/2015 5:04:35 PM,1,2,
1,2.2,-73.94877625,40.79759979,,N,-73.96160889,40.7712822,10.5,1,0.5,2.45,0,14.75,1,06/01/2015 5:00:35 PM,06/01/2015 5:13:32 PM,1,1,
5,2.36,-73.94457245,40.78765106,,N,-73.9678421,40.76276398,10.5,1,0.5,1.8,0,14.1,2,06/01/2015 5:00:36 PM,06/01/2015 5:12:50 PM,1,1,
1,1.8,-73.97563934,40.76119232,,N,-73.9876709,40.73832321,9.5,1,0.5,2.25,0,13.55,1,06/01/2015 5:00:36 PM,06/01/2015 5:11:48 PM,1,1,
1,1.7,-73.9679718,40.80160522,,N,-73.98161316,40.78023529,9.5,1,0.5,0,0,11.3,1,06/01/2015 5:00:36 PM,06/01/2015 5:10:57 PM,1,2,
1,0.1,-73.87479401,40.774086,,N,-73.87726593,40.77244186,3,1,0.5,0,0,4.8,1,06/01/2015 5:00:36 PM,06/01/2015 5:01:26 PM,1,2,
1,2.2,-74.0001297,40.74129105,,N,-74.01062012,40.72220612,10.5,1,0.5,4,0,16.3,1,06/01/2015 5:00:36 PM,06/01/2015 5:11:55 PM,1,1,
2,1.6,-73.98246002,40.76845169,,N,-73.98565674,40.75311279,10,1,0.5,0,0,11.8,1,06/01/2015 5:00:36 PM,06/01/2015 5:14:17 PM,1,2,
1,1.1,-73.97473907,40.75353622,,N,-73.99146271,40.7589798,12.5,1,0.5,2.85,0,17.15,1,06/01/2015 5:00:36 PM,06/01/2015 5:20:28 PM,1,1,
1,0.59,-73.99978638,40.73841858,,N,-74.00644684,40.73862839,5,1,0.5,0,0,6.8,2,06/01/2015 5:00:37 PM,06/01/2015 5:05:04 PM,1,2,
1,1.5,-73.96922302,40.76400375,,N,-73.95504761,40.78098679,8.5,1,0.5,2.05,0,12.35,1,06/01/2015 5:00:37 PM,06/01/2015 5:10:00 PM,1,1,
1,3.1,-73.99075317,40.76109314,,N,-73.95777893,40.77350235,16,1,0.5,3.55,0,21.35,1,06/01/2015 5:00:37 PM,06/01/2015 5:22:26 PM,1,1,
1,2.56,-73.98314667,40.76685333,,N,-73.99002838,40.73931122,12.5,1,0.5,2.86,0,17.16,2,06/01/2015 5:00:37 PM,06/01/2015 5:17:28 PM,1,1,
1,0.4,-73.96165466,40.76836777,,N,-73.95895386,40.77333832,3.5,1,0.5,0,0,5.3,1,06/01/2015 5:00:37 PM,06/01/2015 5:02:07 PM,1,2,
2,0.4,-73.98783112,40.7408371,,N,-73.98177338,40.74066925,5.5,1,0.5,1,0,8.3,1,06/01/2015 5:00:37 PM,06/01/2015 5:06:14 PM,1,1,
1,1.47,-73.99169159,40.7498703,,N,-73.97956085,40.76539993,11,1,0.5,0,0,12.8,2,06/01/2015 5:00:38 PM,06/01/2015 5:17:12 PM,1,2,
5,1.98,-73.97961426,40.78137589,,N,-73.96633148,40.76483536,9.5,1,0.5,1,0,12.3,2,06/01/2015 5:00:38 PM,06/01/2015 5:12:24 PM,1,1,
1,2.31,-74.00839996,40.73940277,,N,-73.98532867,40.7533493,12,1,0.5,2.76,0,16.56,2,06/01/2015 5:00:38 PM,06/01/2015 5:16:54 PM,1,1,
1,3.93,-73.98933411,40.73605347,,N,-73.9778595,40.7796936,25,1,0.5,5.36,0,32.16,2,06/01/2015 5:00:38 PM,06/01/2015 5:41:21 PM,1,1,
1,3.1,-73.98711395,40.74468231,,N,-73.95806885,40.76968765,16,1,0.5,3.55,0,21.35,1,06/01/2015 5:00:38 PM,06/01/2015 5:24:22 PM,1,1,
1,12.29,-73.7767334,40.64544296,,N,-73.87029266,40.77336121,34,1,0.5,7.16,0,42.96,2,06/01/2015 5:00:39 PM,06/01/2015 5:23:08 PM,1,1,
1,0.61,-73.97598267,40.75717926,,N,-73.97013092,40.76531982,5,1,0.5,0,0,6.8,2,06/01/2015 5:00:39 PM,06/01/2015 5:05:00 PM,1,2,
1,1.6,-73.98620605,40.75873184,,N,-73.96813965,40.76065063,8,1,0.5,1.95,0,11.75,1,06/01/2015 5:00:39 PM,06/01/2015 5:09:09 PM,1,1,
1,0.5,-73.96678162,40.76419449,,N,-73.96231079,40.75976944,6.5,1,0.5,0,0,8.3,2,06/01/2015 5:00:39 PM,06/01/2015 5:09:23 PM,1,2,
1,1.35,-73.96845245,40.76183701,,N,-73.9628067,40.77553177,7.5,1,0.5,0,0,9.3,2,06/01/2015 5:00:39 PM,06/01/2015 5:08:29 PM,1,2,
1,0.8,0,0,,N,0,0,6,1,0.5,0,0,7.8,1,06/01/2015 5:00:39 PM,06/01/2015 5:07:19 PM,1,1,
1,2.3,-73.95793152,40.78205872,,N,-73.98307037,40.77184677,11,1,0.5,0,0,12.8,1,06/01/2015 5:00:39 PM,06/01/2015 5:13:52 PM,1,2,
1,1.29,-73.99166107,40.73112488,,N,-73.99581909,40.7442627,7.5,1,0.5,1.86,0,11.16,2,06/01/2015 5:00:40 PM,06/01/2015 5:09:27 PM,1,1,
2,0,0,0,,N,0,0,1.5,0,0.5,0,0,2.3,2,06/01/2015 5:00:40 PM,06/01/2015 5:01:31 PM,1,2,
2,1.2,-73.95117188,40.78533936,,N,-73.95065308,40.77161407,7,1,0.5,1.75,0,10.55,1,06/01/2015 5:00:40 PM,06/01/2015 5:08:55 PM,1,1,
5,0.98,-73.98467255,40.76005173,,N,-73.97281647,40.75564957,9,1,0.5,0,0,10.8,2,06/01/2015 5:00:40 PM,06/01/2015 5:13:44 PM,1,2,
1,0.91,-73.98052979,40.76498032,,N,-73.97946167,40.75561905,6.5,1,0.5,2.08,0,10.38,2,06/01/2015 5:00:41 PM,06/01/2015 5:08:36 PM,1,1,
1,1.2,-73.95371246,40.76703644,,N,-73.95818329,40.77868652,7,1,0.5,0,0,8.8,1,06/01/2015 5:00:41 PM,06/01/2015 5:07:59 PM,1,2,
2,0.68,-73.99297333,40.74263,,N,-73.98184967,40.74044037,12,1,0.5,0,0,13.8,2,06/01/2015 5:00:41 PM,06/01/2015 5:19:34 PM,1,2,
1,0.75,-73.98368073,40.73272324,,N,-73.99230957,40.73787689,5.5,1,0.5,0,0,7.3,2,06/01/2015 5:00:41 PM,06/01/2015 5:05:50 PM,1,2,
2,1.8,-73.98273468,40.77574539,,N,-73.99217987,40.75997925,10,1,0.5,1.5,0,13.3,1,06/01/2015 5:00:41 PM,06/01/2015 5:13:20 PM,1,1,
1,1.14,-73.99215698,40.75328827,,N,-73.97638702,40.74806976,11.5,1,0.5,3.32,0,16.62,2,06/01/2015 5:00:41 PM,06/01/2015 5:18:39 PM,1,1,
1,2.59,-73.96929932,40.75442886,,N,-73.94728851,40.78520966,15.5,1,0.5,1,0,18.3,2,06/01/2015 5:00:41 PM,06/01/2015 5:23:24 PM,1,1,
1,1.38,-73.99945068,40.74902725,,N,-73.98801422,40.74916077,9,1,0.5,2.16,0,12.96,2,06/01/2015 5:00:42 PM,06/01/2015 5:12:29 PM,1,1,
1,2.2,-73.95584869,40.78207779,,N,-73.98174286,40.77689743,10.5,1,0.5,0,0,12.3,2,06/01/2015 5:00:42 PM,06/01/2015 5:13:15 PM,1,2,
1,1.7,-73.95679474,40.78422928,,N,-73.97306824,40.76422501,9.5,1,0.5,2.25,0,13.55,1,06/01/2015 5:00:42 PM,06/01/2015 5:12:32 PM,1,1,
1,1.7,-73.96333313,40.76865768,,N,-73.98137665,40.75272751,10.5,1,0.5,0,0,12.3,1,06/01/2015 5:00:42 PM,06/01/2015 5:15:23 PM,1,2,
4,1.1,-73.96844482,40.75495911,,N,-73.96263885,40.76695633,11.5,1,0.5,1,0,14.3,2,06/01/2015 5:00:42 PM,06/01/2015 5:18:23 PM,1,1,
1,17.47,-73.78178406,40.64473343,,N,-73.97923279,40.75286865,52,0,0.5,0,5.54,58.34,2,06/01/2015 5:00:43 PM,06/01/2015 5:57:26 PM,2,2,
5,0.99,-73.99546814,40.7326889,,N,-73.9910965,40.74232101,7.5,1,0.5,0,0,9.3,2,06/01/2015 5:00:43 PM,06/01/2015 5:09:42 PM,1,2,
1,14.4,-74.00591278,40.70823288,,N,-73.8708725,40.77409363,40,1,0.5,11.84,5.54,59.18,2,06/01/2015 5:00:43 PM,06/01/2015 5:38:26 PM,1,1,
6,3.43,-73.95561981,40.77871323,,N,-73.99172211,40.76985168,15,1,0.5,4.2,0,21,2,06/01/2015 5:00:43 PM,06/01/2015 5:17:58 PM,1,1,
1,1.18,-73.98149872,40.75886154,,N,-73.98204803,40.77212143,7,1,0.5,1.76,0,10.56,2,06/01/2015 5:00:43 PM,06/01/2015 5:07:47 PM,1,1,
1,1.1,-73.95944214,40.76348114,,N,-73.96951294,40.75770187,7,1,0.5,0,0,8.8,1,06/01/2015 5:00:43 PM,06/01/2015 5:09:07 PM,1,2,
1,1.44,-73.98619843,40.75765228,,N,-73.97248077,40.74514008,10,1,0.5,2.36,0,14.16,2,06/01/2015 5:00:43 PM,06/01/2015 5:14:55 PM,1,1,
1,0.64,-73.97994995,40.78401184,,N,-73.98220062,40.77251816,8,1,0.5,0,0,9.8,2,06/01/2015 5:00:43 PM,06/01/2015 5:11:22 PM,1,2,
1,0.6,-73.99201965,40.74401474,,N,-73.99123383,40.75030518,6.5,1,0.5,0,0,8.3,2,06/01/2015 5:00:44 PM,06/01/2015 5:08:36 PM,1,2,
4,1.43,-73.98534393,40.74170685,,N,-73.9875412,40.75639725,11,1,0.5,1,0,13.8,2,06/01/2015 5:00:44 PM,06/01/2015 5:16:42 PM,1,1,
1,0.7,-73.98793793,40.77482224,,N,-73.9822464,40.78275681,4.5,1,0.5,1.25,0,7.55,1,06/01/2015 5:00:44 PM,06/01/2015 5:03:56 PM,1,1,
2,1.57,-73.95694733,40.81769943,,N,-73.97028351,40.79815292,8,1,0.5,1.96,0,11.76,2,06/01/2015 5:00:44 PM,06/01/2015 5:08:19 PM,1,1,
1,1.78,-73.99643707,40.7532196,,N,-73.98503876,40.77406693,9.5,1,0.5,2.82,0,14.12,2,06/01/2015 5:00:45 PM,06/01/2015 5:12:03 PM,1,1,
1,2.6,-73.97451019,40.74684906,,N,-73.98957062,40.73445129,13.5,1,0.5,0,0,15.3,1,06/01/2015 5:00:46 PM,06/01/2015 5:18:46 PM,1,2,
1,22.7,-73.97503662,40.76205063,,N,-74.01818085,40.63218689,61,1,0.5,7,0,69.8,2,06/01/2015 5:00:46 PM,06/01/2015 5:39:46 PM,1,1,
1,0.7,0,0,,N,0,0,4.5,1,0.5,1,0,7.3,1,06/01/2015 5:00:46 PM,06/01/2015 5:03:18 PM,1,1,
1,1.4,-73.98410034,40.75522232,,N,-73.98110199,40.77102661,8,1,0.5,0.75,0,10.55,1,06/01/2015 5:00:46 PM,06/01/2015 5:10:25 PM,1,1,
1,0.8,-73.98648071,40.74027252,,N,-73.98905182,40.73052979,5.5,1,0.5,0,0,7.3,1,06/01/2015 5:00:46 PM,06/01/2015 5:05:06 PM,1,2,
5,1.82,-73.98586273,40.76236343,,N,-73.96953583,40.78549194,8.5,1,0.5,2.06,0,12.36,2,06/01/2015 5:00:46 PM,06/01/2015 5:09:46 PM,1,1,
2,2.3,-73.98888397,40.74209595,,N,-73.97425842,40.7647934,19.5,1,0.5,0,0,21.3,2,06/01/2015 5:00:46 PM,06/01/2015 5:33:27 PM,1,2,
2,1.43,-73.99320221,40.74153137,,N,-73.9781723,40.75242615,11,1,0.5,3.84,0,16.64,2,06/01/2015 5:00:46 PM,06/01/2015 5:16:44 PM,1,1,
1,2.2,-73.99329376,40.73674393,,N,-74.00276947,40.76055908,10.5,1,0.5,0,0,12.3,1,06/01/2015 5:00:47 PM,06/01/2015 5:13:00 PM,1,2,
1,2.5,-73.99111176,40.75602722,,N,-73.96221924,40.770401,13,1,0.5,0,0,14.8,2,06/01/2015 5:00:47 PM,06/01/2015 5:18:46 PM,1,2,
1,0.7,-73.9620285,40.76818085,,N,-73.95502472,40.77747726,4.5,1,0.5,0,0,6.3,1,06/01/2015 5:00:47 PM,06/01/2015 5:03:24 PM,1,2,
3,4.1,-73.97319794,40.76416779,,N,-74.00495911,40.71926498,20.5,1,0.5,5.55,0,27.85,1,06/01/2015 5:00:48 PM,06/01/2015 5:30:37 PM,1,1,
1,1.3,-73.96255493,40.76725769,,N,-73.98183441,40.77133942,8,1,0.5,1.5,0,11.3,1,06/01/2015 5:00:48 PM,06/01/2015 5:11:00 PM,1,1,
5,3.35,-74.00225067,40.71506119,,N,-73.98326111,40.75575638,19.5,1,0.5,4.26,0,25.56,2,06/01/2015 5:00:49 PM,06/01/2015 5:31:41 PM,1,1,
1,2.56,-74.0149765,40.71427536,,N,-73.99399567,40.74121857,11.5,1,0.5,2.66,0,15.96,2,06/01/2015 5:00:50 PM,06/01/2015 5:14:56 PM,1,1,
1,0.8,-73.98278046,40.76761627,,N,-73.98766327,40.77648544,6,1,0.5,1.56,0,9.36,1,06/01/2015 5:00:50 PM,06/01/2015 5:06:42 PM,1,1,
2,0.9,-73.98711395,40.75527573,,N,-73.98514557,40.7611084,9,1,0.5,0,0,10.8,1,06/01/2015 5:00:50 PM,06/01/2015 5:13:56 PM,1,2,
3,1.59,-73.95740509,40.77018738,,N,-73.96418762,40.75550079,7,1,0.5,1,0,9.8,2,06/01/2015 5:00:51 PM,06/01/2015 5:07:07 PM,1,1,
1,1.2,-73.8708725,40.77381897,,N,-73.86721802,40.76887512,7,1,0.5,0,0,8.8,1,06/01/2015 5:00:51 PM,06/01/2015 5:07:58 PM,1,2,
3,0.9,-73.95597839,40.77883911,,N,-73.95743561,40.76853943,6,1,0.5,0,0,7.8,1,06/01/2015 5:00:51 PM,06/01/2015 5:06:41 PM,1,2,
1,0.62,-73.9609375,40.77251816,,N,-73.95792389,40.77915573,4.5,1,0.5,0,0,6.3,2,06/01/2015 5:00:51 PM,06/01/2015 5:03:49 PM,1,2,
1,0.8,-73.99452209,40.72784424,,N,-74.00150299,40.73744202,5.5,1,0.5,0,0,7.3,1,06/01/2015 5:00:51 PM,06/01/2015 5:06:03 PM,1,2,
1,6.84,-73.9559021,40.77370834,,N,-73.88423157,40.7328186,28.5,1,0.5,3,0,33.3,2,06/01/2015 5:00:51 PM,06/01/2015 5:39:44 PM,1,1,
5,5.11,-74.01574707,40.71125031,,N,-73.98135376,40.75186157,25,1,0.5,0,0,26.8,2,06/01/2015 5:00:51 PM,06/01/2015 5:35:26 PM,1,2,
1,0.66,-73.95915222,40.77743149,,N,-73.9489212,40.77410889,5.5,1,0.5,0,0,7.3,2,06/01/2015 5:00:52 PM,06/01/2015 5:06:27 PM,1,2,
1,2.76,-73.98808289,40.76233292,,N,-73.98674774,40.73484039,11,1,0.5,2.56,0,15.36,2,06/01/2015 5:00:52 PM,06/01/2015 5:14:00 PM,1,1,
1,2.3,-73.97076416,40.76213837,,N,-73.98529053,40.73400497,12,1,0.5,3.45,0,17.25,1,06/01/2015 5:00:52 PM,06/01/2015 5:17:03 PM,1,1,
1,1.6,-73.99091339,40.73458099,,N,-74.0085907,40.72607803,9.5,1,0.5,2.25,0,13.55,1,06/01/2015 5:00:52 PM,06/01/2015 5:13:34 PM,1,1,
6,0.8,-73.97048187,40.78379822,,N,-73.97820282,40.77470016,6,1,0.5,2.34,0,10.14,2,06/01/2015 5:00:52 PM,06/01/2015 5:06:52 PM,1,1,
2,0.7,-73.95758057,40.7768631,,N,-73.96552277,40.77104568,5,1,0.5,0,0,6.8,1,06/01/2015 5:00:53 PM,06/01/2015 5:05:12 PM,1,2,
1,1.37,0,0,,N,0,0,8.5,1,0.5,1,0,11.3,2,06/01/2015 5:00:53 PM,06/01/2015 5:10:48 PM,1,1,
1,2.04,-73.99004364,40.71489716,,N,-73.98513794,40.73801041,10,1,0.5,2.36,0,14.16,2,06/01/2015 5:00:53 PM,06/01/2015 5:12:50 PM,1,1,
1,1.5,-73.97356415,40.7847023,,N,-73.96264648,40.80089569,7,1,0.5,1.76,0,10.56,1,06/01/2015 5:00:53 PM,06/01/2015 5:07:27 PM,1,1,
1,1.31,-73.98661041,40.73048019,,N,-73.98838806,40.74438858,9.5,1,0.5,2.82,0,14.12,2,06/01/2015 5:00:53 PM,06/01/2015 5:13:50 PM,1,1,
1,0.68,-73.95742798,40.78005981,,N,-73.96366882,40.77140045,5,1,0.5,1.36,0,8.16,2,06/01/2015 5:00:53 PM,06/01/2015 5:05:29 PM,1,1,
1,2.14,0,0,,N,0,0,11,1,0.5,1,0,13.8,2,06/01/2015 5:00:54 PM,06/01/2015 5:14:48 PM,1,1,
1,14,-73.86353302,40.76995087,,N,-74.01515198,40.7093811,47.5,1,0.5,10.95,5.54,65.79,1,06/01/2015 5:00:54 PM,06/01/2015 5:56:22 PM,1,1,
1,0.04,-73.97736359,40.75199127,,N,-73.97802734,40.75249481,4,1,0.5,0,0,5.8,2,06/01/2015 5:00:54 PM,06/01/2015 5:04:48 PM,1,2,
2,1.39,-73.97820282,40.7371788,,N,-73.99179077,40.7492218,15.5,1,0.5,3.46,0,20.76,2,06/01/2015 5:00:55 PM,06/01/2015 5:26:38 PM,1,1,
1,0.36,-73.95942688,40.77688599,,N,-73.95884705,40.78094101,3.5,1,0.5,0,0,5.3,2,06/01/2015 5:00:55 PM,06/01/2015 5:02:43 PM,1,2,
2,1.06,-73.98708344,40.75576019,,N,-73.98197937,40.76328659,7,1,0.5,0,0,8.8,2,06/01/2015 5:00:55 PM,06/01/2015 5:09:32 PM,1,2,
1,1.4,-73.97505951,40.79005814,,N,-73.98942566,40.77279663,8.5,1,0.5,2.05,0,12.35,1,06/01/2015 5:00:55 PM,06/01/2015 5:10:35 PM,1,1,
1,5.8,-73.95864105,40.76002502,,N,-74.01106262,40.70187759,19,1,0.5,5.2,0,26,1,06/01/2015 5:00:55 PM,06/01/2015 5:17:28 PM,1,1,
1,1.5,-73.98591614,40.74087524,,N,-73.97529602,40.75557709,16,1,0.5,3.55,0,21.35,1,06/01/2015 5:00:55 PM,06/01/2015 5:27:34 PM,1,1,
1,0.92,-73.96486664,40.80691147,,N,-73.9730835,40.79847336,5.5,1,0.5,1.46,0,8.76,2,06/01/2015 5:00:55 PM,06/01/2015 5:05:54 PM,1,1,
1,0.5,-74.00284576,40.73368835,,N,-74.00699615,40.72657013,4,1,0.5,1,0,6.8,1,06/01/2015 5:00:55 PM,06/01/2015 5:02:29 PM,1,1,
3,1.67,-73.99352264,40.7274437,,N,-73.97505188,40.74155045,8,1,0.5,0,0,9.8,2,06/01/2015 5:00:56 PM,06/01/2015 5:10:13 PM,1,2,
2,1.1,-73.96710968,40.77243042,,N,-73.97755432,40.75814819,7,1,0.5,0,0,8.8,1,06/01/2015 5:00:56 PM,06/01/2015 5:08:49 PM,1,2,
3,1,-73.99520874,40.73952866,,N,-74.00765991,40.7408905,6.5,1,0.5,0,0,8.3,2,06/01/2015 5:00:56 PM,06/01/2015 5:08:08 PM,1,1,
1,1.7,-73.98976135,40.72560883,,N,-74.0070343,40.71843719,9,1,0.5,0,0,10.8,1,06/01/2015 5:00:56 PM,06/01/2015 5:12:18 PM,1,2,
1,0.7,-73.95322418,40.77945709,,N,-73.9454422,40.77943039,4.5,1,0.5,1,0,7.3,1,06/01/2015 5:00:57 PM,06/01/2015 5:04:59 PM,1,1,
1,0.8,-73.96450043,40.77297592,,N,-73.9567337,40.78070068,4.5,1,0.5,1.25,0,7.55,1,06/01/2015 5:00:58 PM,06/01/2015 5:03:57 PM,1,1,
1,1,-73.96766663,40.7926712,,N,-73.97915649,40.78367996,6,1,0.5,0,0,7.8,1,06/01/2015 5:00:58 PM,06/01/2015 5:06:34 PM,1,2,
3,5.69,-74.01118469,40.70294571,,N,-73.9750061,40.75499344,22.5,1,0.5,4.86,0,29.16,2,06/01/2015 5:00:58 PM,06/01/2015 5:25:14 PM,1,1,
1,1,-73.98686218,40.74219894,,N,-73.97885132,40.75340271,9,1,0.5,0,0,10.8,1,06/01/2015 5:00:58 PM,06/01/2015 5:13:30 PM,1,2,
1,2.6,-74.00215912,40.7296257,,N,-73.97895813,40.7617569,13,1,0.5,0,0,14.8,2,06/01/2015 5:00:58 PM,06/01/2015 5:18:13 PM,1,2,
1,2.23,-73.98664856,40.76153564,,N,-73.96071625,40.77259827,10.5,1,0.5,0,0,12.3,2,06/01/2015 5:00:59 PM,06/01/2015 5:13:33 PM,1,1,
1,2.05,-73.99356079,40.7498703,,N,-73.98255157,40.73944092,13.5,1,0.5,0,0,15.3,2,06/01/2015 5:00:59 PM,06/01/2015 5:21:06 PM,1,2,
4,1.94,-74.00286865,40.7604599,,N,-73.98232269,40.7765007,9,1,0.5,1,0,11.8,2,06/01/2015 5:00:59 PM,06/01/2015 5:10:25 PM,1,1,
1,1.33,-73.97911072,40.75081635,,N,-73.9779892,40.76490021,10.5,1,0.5,2.46,0,14.76,2,06/01/2015 5:00:59 PM,06/01/2015 5:16:44 PM,1,1,
1,3.53,-73.87294769,40.77418137,,N,-73.90500641,40.74221039,12,1,0.5,0,0,13.8,2,06/01/2015 5:01:00 PM,06/01/2015 5:09:21 PM,1,2,
1,1.09,-73.99149323,40.75009155,,N,-73.97933197,40.74978638,17,1,0.5,3.76,0,22.56,2,06/01/2015 5:01:00 PM,06/01/2015 5:30:13 PM,1,1,
6,1.67,-73.99681091,40.76277161,,N,-73.97086334,40.75574875,10.5,1,0.5,2.46,0,14.76,2,06/01/2015 5:01:00 PM,06/01/2015 5:15:49 PM,1,1,